{"schema":6,"addons":[{"id":"langpack-en-GB@firefox.mozilla.org","icons":{"32":"https://addons.mozilla.org/static-server/img/addon-icons/default-32.2b26add4b394.png","64":"https://addons.mozilla.org/static-server/img/addon-icons/default-64.d144b50f2bb8.png","128":"https://addons.mozilla.org/static-server/img/addon-icons/default-128.452018499894.png"},"name":"English (GB) Language Pack","version":"125.0.20240408.174943","sourceURI":"https://addons.mozilla.org/firefox/downloads/file/4262041/english_gb_language_pack-125.0.20240408.174943.xpi","homepageURL":null,"supportURL":null,"amoListingURL":"https://addons.mozilla.org/pt-BR/firefox/addon/english-gb-language-pack/","description":"English (GB) Language Pack","fullDescription":null,"weeklyDownloads":1577,"type":"locale","creator":{"name":"Mozilla Firefox","url":"https://addons.mozilla.org/pt-BR/firefox/user/4757633/"},"developers":[],"screenshots":[],"contributionURL":"","averageRating":3.7158,"reviewCount":264,"reviewURL":"https://addons.mozilla.org/pt-BR/firefox/addon/english-gb-language-pack/reviews/","updateDate":1712608027000},{"id":"langpack-en-CA@firefox.mozilla.org","icons":{"32":"https://addons.mozilla.org/static-server/img/addon-icons/default-32.2b26add4b394.png","64":"https://addons.mozilla.org/static-server/img/addon-icons/default-64.d144b50f2bb8.png","128":"https://addons.mozilla.org/static-server/img/addon-icons/default-128.452018499894.png"},"name":"Language: English (CA)","version":"125.0.20240408.174943","sourceURI":"https://addons.mozilla.org/firefox/downloads/file/4262039/english_ca_language_pack-125.0.20240408.174943.xpi","homepageURL":null,"supportURL":null,"amoListingURL":"https://addons.mozilla.org/pt-BR/firefox/addon/english-ca-language-pack/","description":"Firefox Language Pack for English (CA) (en-CA)","fullDescription":null,"weeklyDownloads":99,"type":"locale","creator":{"name":"Mozilla Firefox","url":"https://addons.mozilla.org/pt-BR/firefox/user/4757633/"},"developers":[],"screenshots":[],"contributionURL":"","averageRating":4.2273,"reviewCount":9,"reviewURL":"https://addons.mozilla.org/pt-BR/firefox/addon/english-ca-language-pack/reviews/","updateDate":1712608014000},{"id":"langpack-de@firefox.mozilla.org","icons":{"32":"https://addons.mozilla.org/static-server/img/addon-icons/default-32.2b26add4b394.png","64":"https://addons.mozilla.org/static-server/img/addon-icons/default-64.d144b50f2bb8.png","128":"https://addons.mozilla.org/static-server/img/addon-icons/default-128.452018499894.png"},"name":"Deutsch (DE) Language Pack","version":"125.0.20240408.174943","sourceURI":"https://addons.mozilla.org/firefox/downloads/file/4261982/deutsch_de_language_pack-125.0.20240408.174943.xpi","homepageURL":null,"supportURL":null,"amoListingURL":"https://addons.mozilla.org/pt-BR/firefox/addon/deutsch-de-language-pack/","description":"Deutsch (DE) Language Pack","fullDescription":null,"weeklyDownloads":750,"type":"locale","creator":{"name":"Mozilla Firefox","url":"https://addons.mozilla.org/pt-BR/firefox/user/4757633/"},"developers":[],"screenshots":[],"contributionURL":"","averageRating":4.1403,"reviewCount":228,"reviewURL":"https://addons.mozilla.org/pt-BR/firefox/addon/deutsch-de-language-pack/reviews/","updateDate":1712607668000},{"id":"langpack-es-ES@firefox.mozilla.org","icons":{"32":"https://addons.mozilla.org/static-server/img/addon-icons/default-32.2b26add4b394.png","64":"https://addons.mozilla.org/static-server/img/addon-icons/default-64.d144b50f2bb8.png","128":"https://addons.mozilla.org/static-server/img/addon-icons/default-128.452018499894.png"},"name":"Español (España) Language Pack","version":"125.0.20240408.174943","sourceURI":"https://addons.mozilla.org/firefox/downloads/file/4262071/espanol_espana_language_pac-125.0.20240408.174943.xpi","homepageURL":null,"supportURL":null,"amoListingURL":"https://addons.mozilla.org/pt-BR/firefox/addon/espa%C3%B1ol-espa%C3%B1a-language-pac/","description":"Español (España) Language Pack","fullDescription":null,"weeklyDownloads":514,"type":"locale","creator":{"name":"Mozilla Firefox","url":"https://addons.mozilla.org/pt-BR/firefox/user/4757633/"},"developers":[],"screenshots":[],"contributionURL":"","averageRating":4.3525,"reviewCount":96,"reviewURL":"https://addons.mozilla.org/pt-BR/firefox/addon/espa%C3%B1ol-espa%C3%B1a-language-pac/reviews/","updateDate":1712608293000},{"id":"langpack-pt-BR@firefox.mozilla.org","icons":{"32":"https://addons.mozilla.org/user-media/addon_icons/4/4851-32.png?modified=1712607480","64":"https://addons.mozilla.org/user-media/addon_icons/4/4851-64.png?modified=1712607480","128":"https://addons.mozilla.org/user-media/addon_icons/4/4851-128.png?modified=1712607480"},"name":"Interface Português/Brasil [pt-BR]","version":"125.0.20240408.174943","sourceURI":"https://addons.mozilla.org/firefox/downloads/file/4262009/firefox_br-125.0.20240408.174943.xpi","homepageURL":"http://br.mozdev.org/firefox/idiomas","supportURL":null,"amoListingURL":"https://addons.mozilla.org/pt-BR/firefox/addon/firefox-br/","description":"Tradução do Firefox para o português brasileiro. Complemente a tradução instalando o corretor ortográfico: https://addons.mozilla.org/firefox/addon/corretor/","fullDescription":"Usa um Firefox antigo? Clique, no rodapé da página, “Informações da versão”, “Ver o histórico completo de versões”.\n\nUse esta extensão para traduzir o Mozilla Firefox em inglês para o português. É a mesma tradução do Firefox pt-BR.\n\nUse a extensão Locale Switcher para alternar entre os idiomas instalados. Para mais detalhes clique no link da homepage.","weeklyDownloads":369,"type":"locale","creator":{"name":"Mozilla Firefox","url":"https://addons.mozilla.org/pt-BR/firefox/user/4757633/"},"developers":[],"screenshots":[],"contributionURL":"","averageRating":4.5903,"reviewCount":39,"reviewURL":"https://addons.mozilla.org/pt-BR/firefox/addon/firefox-br/reviews/","updateDate":1712607776000},{"id":"langpack-es-MX@firefox.mozilla.org","icons":{"32":"https://addons.mozilla.org/user-media/addon_icons/8/8343-32.png?modified=1712608084","64":"https://addons.mozilla.org/user-media/addon_icons/8/8343-64.png?modified=1712608084","128":"https://addons.mozilla.org/user-media/addon_icons/8/8343-128.png?modified=1712608084"},"name":"Español (México) Language Pack","version":"125.0.20240408.174943","sourceURI":"https://addons.mozilla.org/firefox/downloads/file/4262069/spanish_mexico_language_pack-125.0.20240408.174943.xpi","homepageURL":"http://mozilla-mexico.org","supportURL":"http://www.mozilla-hispano.org/foro/viewforum.php?f=30&sid=8c3522dd95e3db5aafee31b8342b3689","amoListingURL":"https://addons.mozilla.org/pt-BR/firefox/addon/spanish-mexico-language-pack/","description":"La comunidad Mozilla México publica el paquete de idiomas en español mexicano (es-MX) para Firefox.","fullDescription":"Paquete de idiomas para Mozilla Firefox en español de Mexico (es-MX).\n\nNOTA: Si después de instalar el paquete de idiomas, no ves ningún cambio en la interfaz; abre una pestaña nueva, introduce about:config en la barra de direcciones, pulsa el botón para entrar en la configuración avanzada, una vez ahí, busca la propiedad \"general.useragent.locale\" da doble clic sobre ella y cambia el valor actual por es-MX, reinicia Firefox y ya deberías ver los cambios.","weeklyDownloads":527,"type":"locale","creator":{"name":"Mozilla Firefox","url":"https://addons.mozilla.org/pt-BR/firefox/user/4757633/"},"developers":[],"screenshots":[{"url":"https://addons.mozilla.org/user-media/previews/full/24/24155.png?modified=1622132154","width":644,"height":512,"thumbnailURL":"https://addons.mozilla.org/user-media/previews/thumbs/24/24155.jpg?modified=1622132154","thumbnailWidth":503,"thumbnailHeight":400}],"contributionURL":"","averageRating":4.4352,"reviewCount":42,"reviewURL":"https://addons.mozilla.org/pt-BR/firefox/addon/spanish-mexico-language-pack/reviews/","updateDate":1712608275000},{"id":"langpack-es-AR@firefox.mozilla.org","icons":{"32":"https://addons.mozilla.org/static-server/img/addon-icons/default-32.2b26add4b394.png","64":"https://addons.mozilla.org/static-server/img/addon-icons/default-64.d144b50f2bb8.png","128":"https://addons.mozilla.org/static-server/img/addon-icons/default-128.452018499894.png"},"name":"Español (AR) Language Pack","version":"125.0.20240408.174943","sourceURI":"https://addons.mozilla.org/firefox/downloads/file/4262044/espanol_ar_language_pack-125.0.20240408.174943.xpi","homepageURL":null,"supportURL":null,"amoListingURL":"https://addons.mozilla.org/pt-BR/firefox/addon/espa%C3%B1ol-ar-language-pack/","description":"Español (AR) Language Pack","fullDescription":null,"weeklyDownloads":163,"type":"locale","creator":{"name":"Mozilla Firefox","url":"https://addons.mozilla.org/pt-BR/firefox/user/4757633/"},"developers":[],"screenshots":[],"contributionURL":"","averageRating":4.269,"reviewCount":32,"reviewURL":"https://addons.mozilla.org/pt-BR/firefox/addon/espa%C3%B1ol-ar-language-pack/reviews/","updateDate":1712608043000},{"id":"langpack-es-CL@firefox.mozilla.org","icons":{"32":"https://addons.mozilla.org/static-server/img/addon-icons/default-32.2b26add4b394.png","64":"https://addons.mozilla.org/static-server/img/addon-icons/default-64.d144b50f2bb8.png","128":"https://addons.mozilla.org/static-server/img/addon-icons/default-128.452018499894.png"},"name":"Pack de idioma Español (Chile)","version":"125.0.20240408.174943","sourceURI":"https://addons.mozilla.org/firefox/downloads/file/4262035/spanish_chile_language_pack-125.0.20240408.174943.xpi","homepageURL":"http://www.chilemoz.org","supportURL":null,"amoListingURL":"https://addons.mozilla.org/pt-BR/firefox/addon/spanish-chile-language-pack/","description":"Pack de idioma español (Chile) para Firefox.","fullDescription":"Paquete de idiomas para Mozilla Firefox en español de Chile (es-CL).\n\nNOTA: Si después de instalar el paquete de idiomas, no ves ningún cambio en la interfaz; abre una pestaña nueva, introduce about:config en la barra de direcciones, pulsa el botón para entrar en la configuración avanzada, una vez ahí, busca la propiedad \"general.useragent.locale\" da doble clic sobre ella y cambia el valor actual por es-CL, reinicia Firefox y ya deberías ver los cambios.","weeklyDownloads":122,"type":"locale","creator":{"name":"Mozilla Firefox","url":"https://addons.mozilla.org/pt-BR/firefox/user/4757633/"},"developers":[],"screenshots":[],"contributionURL":"","averageRating":4.4493,"reviewCount":7,"reviewURL":"https://addons.mozilla.org/pt-BR/firefox/addon/spanish-chile-language-pack/reviews/","updateDate":1712607997000},{"id":"langpack-ar@firefox.mozilla.org","icons":{"32":"https://addons.mozilla.org/static-server/img/addon-icons/default-32.2b26add4b394.png","64":"https://addons.mozilla.org/static-server/img/addon-icons/default-64.d144b50f2bb8.png","128":"https://addons.mozilla.org/static-server/img/addon-icons/default-128.452018499894.png"},"name":"Language: العربية (Arabic)","version":"125.0.20240408.174943","sourceURI":"https://addons.mozilla.org/firefox/downloads/file/4262038/language_pack-125.0.20240408.174943.xpi","homepageURL":null,"supportURL":null,"amoListingURL":"https://addons.mozilla.org/pt-BR/firefox/addon/%D8%A7%D9%84%D8%B9%D8%B1%D8%A8%D9%8A%D8%A9-language-pack/","description":"Firefox Language Pack for العربية (ar) – Arabic","fullDescription":null,"weeklyDownloads":149,"type":"locale","creator":{"name":"Mozilla Firefox","url":"https://addons.mozilla.org/pt-BR/firefox/user/4757633/"},"developers":[],"screenshots":[],"contributionURL":"","averageRating":4.3987,"reviewCount":56,"reviewURL":"https://addons.mozilla.org/pt-BR/firefox/addon/%D8%A7%D9%84%D8%B9%D8%B1%D8%A8%D9%8A%D8%A9-language-pack/reviews/","updateDate":1712608012000},{"id":"langpack-pt-PT@firefox.mozilla.org","icons":{"32":"https://addons.mozilla.org/static-server/img/addon-icons/default-32.2b26add4b394.png","64":"https://addons.mozilla.org/static-server/img/addon-icons/default-64.d144b50f2bb8.png","128":"https://addons.mozilla.org/static-server/img/addon-icons/default-128.452018499894.png"},"name":"Português Portugal Language Pack","version":"125.0.20240408.174943","sourceURI":"https://addons.mozilla.org/firefox/downloads/file/4261989/portugues_portugal_language-125.0.20240408.174943.xpi","homepageURL":null,"supportURL":null,"amoListingURL":"https://addons.mozilla.org/pt-BR/firefox/addon/portugu%C3%AAs-portugal-language/","description":"Português Portugal Language Pack","fullDescription":null,"weeklyDownloads":173,"type":"locale","creator":{"name":"Mozilla Firefox","url":"https://addons.mozilla.org/pt-BR/firefox/user/4757633/"},"developers":[],"screenshots":[],"contributionURL":"","averageRating":4.2618,"reviewCount":32,"reviewURL":"https://addons.mozilla.org/pt-BR/firefox/addon/portugu%C3%AAs-portugal-language/reviews/","updateDate":1712607700000}]}