{"schemaVersion":35,"addons":[{"id":"langpack-de@firefox.mozilla.org","syncGUID":"{676d711e-ec9b-4143-b814-b720d4d8f86e}","version":"124.0.20240401.114208","type":"locale","loader":null,"updateURL":null,"installOrigins":null,"manifestVersion":2,"optionsURL":null,"optionsType":null,"optionsBrowserStyle":true,"aboutURL":null,"defaultLocale":{"name":"Language: Deutsch (German)","description":"Firefox Language Pack for Deutsch (de) – German","creator":"Sebastian Hengst (contributors: Robert Kaiser, Abdulkadir Topal)","developers":null,"translators":null,"contributors":null},"visible":true,"active":true,"userDisabled":false,"appDisabled":false,"embedderDisabled":false,"installDate":1712614742646,"updateDate":1712614742646,"applyBackgroundUpdates":1,"path":"/home/jean/.mozilla/firefox/645qfslg.default-release/extensions/langpack-de@firefox.mozilla.org.xpi","skinnable":false,"sourceURI":null,"releaseNotesURI":null,"softDisabled":false,"foreignInstall":false,"strictCompatibility":true,"locales":[],"targetApplications":[{"id":"toolkit@mozilla.org","minVersion":"124.0","maxVersion":"124.*"}],"targetPlatforms":[],"signedState":2,"signedDate":1711980335000,"seen":true,"dependencies":[],"userPermissions":null,"optionalPermissions":null,"icons":{},"iconURL":null,"blocklistState":0,"blocklistURL":null,"startupData":{"chromeEntries":[["locale","app-marketplace-icons","de","browser/chrome/browser/locale/de/app-marketplace-icons/"],["locale","branding","de","browser/chrome/de/locale/branding/"],["locale","browser","de","browser/chrome/de/locale/browser/"],["locale","browser-region","de","browser/chrome/de/locale/browser-region/"],["locale","devtools","de","browser/chrome/de/locale/de/devtools/client/"],["locale","devtools-shared","de","browser/chrome/de/locale/de/devtools/shared/"],["locale","formautofill","de","browser/features/formautofill@mozilla.org/de/locale/de/"],["locale","report-site-issue","de","browser/features/webcompat-reporter@mozilla.org/de/locale/de/"],["locale","alerts","de","chrome/de/locale/de/alerts/"],["locale","autoconfig","de","chrome/de/locale/de/autoconfig/"],["locale","global","de","chrome/de/locale/de/global/"],["locale","global-platform","de","chrome/de/locale/de/global-platform/unix/"],["locale","mozapps","de","chrome/de/locale/de/mozapps/"],["locale","necko","de","chrome/de/locale/de/necko/"],["locale","passwordmgr","de","chrome/de/locale/de/passwordmgr/"],["locale","pipnss","de","chrome/de/locale/de/pipnss/"],["locale","pippki","de","chrome/de/locale/de/pippki/"],["locale","places","de","chrome/de/locale/de/places/"]],"langpackId":"langpack-de-browser","l10nRegistrySources":{"toolkit":"","browser":"browser/"},"languages":["de"]},"hidden":false,"installTelemetryInfo":{"source":"distribution"},"recommendationState":null,"rootURI":"jar:file:///home/jean/.mozilla/firefox/645qfslg.default-release/extensions/langpack-de@firefox.mozilla.org.xpi!/","location":"app-profile"},{"id":"langpack-es-CL@firefox.mozilla.org","syncGUID":"{45060292-6b41-497b-9790-fb2b58a4d948}","version":"124.0.20240401.114208","type":"locale","loader":null,"updateURL":null,"installOrigins":null,"manifestVersion":2,"optionsURL":null,"optionsType":null,"optionsBrowserStyle":true,"aboutURL":null,"defaultLocale":{"name":"Language: Español (CL) (Spanish, Chile)","description":"Firefox Language Pack for Español (CL) (es-CL) – Spanish, Chile","creator":"mozilla.org (contributors: Richard von Moltke, Vedran Tomicic, Carlos Riveros, Joaquín Haeussler, Emilio Sepúlveda, Pablo Olmos De Aguilera, Eduardo Escárez, Ricardo Varas)","developers":null,"translators":null,"contributors":null},"visible":true,"active":true,"userDisabled":false,"appDisabled":false,"embedderDisabled":false,"installDate":1712614742682,"updateDate":1712614742682,"applyBackgroundUpdates":1,"path":"/home/jean/.mozilla/firefox/645qfslg.default-release/extensions/langpack-es-CL@firefox.mozilla.org.xpi","skinnable":false,"sourceURI":null,"releaseNotesURI":null,"softDisabled":false,"foreignInstall":false,"strictCompatibility":true,"locales":[],"targetApplications":[{"id":"toolkit@mozilla.org","minVersion":"124.0","maxVersion":"124.*"}],"targetPlatforms":[],"signedState":2,"signedDate":1711980372000,"seen":true,"dependencies":[],"userPermissions":null,"optionalPermissions":null,"icons":{},"iconURL":null,"blocklistState":0,"blocklistURL":null,"startupData":{"chromeEntries":[["locale","app-marketplace-icons","es-CL","browser/chrome/browser/locale/es-CL/app-marketplace-icons/"],["locale","branding","es-CL","browser/chrome/es-CL/locale/branding/"],["locale","browser","es-CL","browser/chrome/es-CL/locale/browser/"],["locale","browser-region","es-CL","browser/chrome/es-CL/locale/browser-region/"],["locale","devtools","es-CL","browser/chrome/es-CL/locale/es-CL/devtools/client/"],["locale","devtools-shared","es-CL","browser/chrome/es-CL/locale/es-CL/devtools/shared/"],["locale","formautofill","es-CL","browser/features/formautofill@mozilla.org/es-CL/locale/es-CL/"],["locale","report-site-issue","es-CL","browser/features/webcompat-reporter@mozilla.org/es-CL/locale/es-CL/"],["locale","alerts","es-CL","chrome/es-CL/locale/es-CL/alerts/"],["locale","autoconfig","es-CL","chrome/es-CL/locale/es-CL/autoconfig/"],["locale","global","es-CL","chrome/es-CL/locale/es-CL/global/"],["locale","global-platform","es-CL","chrome/es-CL/locale/es-CL/global-platform/unix/"],["locale","mozapps","es-CL","chrome/es-CL/locale/es-CL/mozapps/"],["locale","necko","es-CL","chrome/es-CL/locale/es-CL/necko/"],["locale","passwordmgr","es-CL","chrome/es-CL/locale/es-CL/passwordmgr/"],["locale","pipnss","es-CL","chrome/es-CL/locale/es-CL/pipnss/"],["locale","pippki","es-CL","chrome/es-CL/locale/es-CL/pippki/"],["locale","places","es-CL","chrome/es-CL/locale/es-CL/places/"]],"langpackId":"langpack-es-CL-browser","l10nRegistrySources":{"toolkit":"","browser":"browser/"},"languages":["es-CL"]},"hidden":false,"installTelemetryInfo":{"source":"distribution"},"recommendationState":null,"rootURI":"jar:file:///home/jean/.mozilla/firefox/645qfslg.default-release/extensions/langpack-es-CL@firefox.mozilla.org.xpi!/","location":"app-profile"},{"id":"langpack-pt-BR@firefox.mozilla.org","syncGUID":"{125be883-3f97-47f3-a063-0995b86bb521}","version":"124.0.20240401.114208","type":"locale","loader":null,"updateURL":null,"installOrigins":null,"manifestVersion":2,"optionsURL":null,"optionsType":null,"optionsBrowserStyle":true,"aboutURL":null,"defaultLocale":{"name":"Language: Português (BR)","description":"Firefox Language Pack for Português (BR) (pt-BR) – Brazilian Portuguese","creator":"mozilla.org (contributors: Marcelo Ghelman)","developers":null,"translators":null,"contributors":null},"visible":true,"active":true,"userDisabled":false,"appDisabled":false,"embedderDisabled":false,"installDate":1712614742718,"updateDate":1712614742718,"applyBackgroundUpdates":1,"path":"/home/jean/.mozilla/firefox/645qfslg.default-release/extensions/langpack-pt-BR@firefox.mozilla.org.xpi","skinnable":false,"sourceURI":null,"releaseNotesURI":null,"softDisabled":false,"foreignInstall":false,"strictCompatibility":true,"locales":[],"targetApplications":[{"id":"toolkit@mozilla.org","minVersion":"124.0","maxVersion":"124.*"}],"targetPlatforms":[],"signedState":2,"signedDate":1711980358000,"seen":true,"dependencies":[],"userPermissions":null,"optionalPermissions":null,"icons":{},"iconURL":null,"blocklistState":0,"blocklistURL":null,"startupData":{"chromeEntries":[["locale","app-marketplace-icons","pt-BR","browser/chrome/browser/locale/pt-BR/app-marketplace-icons/"],["locale","branding","pt-BR","browser/chrome/pt-BR/locale/branding/"],["locale","browser","pt-BR","browser/chrome/pt-BR/locale/browser/"],["locale","browser-region","pt-BR","browser/chrome/pt-BR/locale/browser-region/"],["locale","devtools","pt-BR","browser/chrome/pt-BR/locale/pt-BR/devtools/client/"],["locale","devtools-shared","pt-BR","browser/chrome/pt-BR/locale/pt-BR/devtools/shared/"],["locale","formautofill","pt-BR","browser/features/formautofill@mozilla.org/pt-BR/locale/pt-BR/"],["locale","report-site-issue","pt-BR","browser/features/webcompat-reporter@mozilla.org/pt-BR/locale/pt-BR/"],["locale","alerts","pt-BR","chrome/pt-BR/locale/pt-BR/alerts/"],["locale","autoconfig","pt-BR","chrome/pt-BR/locale/pt-BR/autoconfig/"],["locale","global","pt-BR","chrome/pt-BR/locale/pt-BR/global/"],["locale","global-platform","pt-BR","chrome/pt-BR/locale/pt-BR/global-platform/unix/"],["locale","mozapps","pt-BR","chrome/pt-BR/locale/pt-BR/mozapps/"],["locale","necko","pt-BR","chrome/pt-BR/locale/pt-BR/necko/"],["locale","passwordmgr","pt-BR","chrome/pt-BR/locale/pt-BR/passwordmgr/"],["locale","pipnss","pt-BR","chrome/pt-BR/locale/pt-BR/pipnss/"],["locale","pippki","pt-BR","chrome/pt-BR/locale/pt-BR/pippki/"],["locale","places","pt-BR","chrome/pt-BR/locale/pt-BR/places/"]],"langpackId":"langpack-pt-BR-browser","l10nRegistrySources":{"toolkit":"","browser":"browser/"},"languages":["pt-BR"]},"hidden":false,"installTelemetryInfo":{"source":"distribution"},"recommendationState":null,"rootURI":"jar:file:///home/jean/.mozilla/firefox/645qfslg.default-release/extensions/langpack-pt-BR@firefox.mozilla.org.xpi!/","location":"app-profile"},{"id":"langpack-es-AR@firefox.mozilla.org","syncGUID":"{7afd5ae6-b2de-4247-abd3-f0ab9b139707}","version":"124.0.20240401.114208","type":"locale","loader":null,"updateURL":null,"installOrigins":null,"manifestVersion":2,"optionsURL":null,"optionsType":null,"optionsBrowserStyle":true,"aboutURL":null,"defaultLocale":{"name":"Language: Español (AR) (Spanish, Argentina)","description":"Firefox Language Pack for Español (AR) (es-AR) – Spanish, Argentina","creator":"mozilla.org (contributors: Marcelo Poli, Gabriela Montagu, Pablo Lillia, Sergio Celani, Ariel Burone, Mariano Cuenze, Ramón Retamar, Pamela Gulijczuk, Guillermo Movia)","developers":null,"translators":null,"contributors":null},"visible":true,"active":true,"userDisabled":false,"appDisabled":false,"embedderDisabled":false,"installDate":1712614742754,"updateDate":1712614742754,"applyBackgroundUpdates":1,"path":"/home/jean/.mozilla/firefox/645qfslg.default-release/extensions/langpack-es-AR@firefox.mozilla.org.xpi","skinnable":false,"sourceURI":null,"releaseNotesURI":null,"softDisabled":false,"foreignInstall":false,"strictCompatibility":true,"locales":[],"targetApplications":[{"id":"toolkit@mozilla.org","minVersion":"124.0","maxVersion":"124.*"}],"targetPlatforms":[],"signedState":2,"signedDate":1711980370000,"seen":true,"dependencies":[],"userPermissions":null,"optionalPermissions":null,"icons":{},"iconURL":null,"blocklistState":0,"blocklistURL":null,"startupData":{"chromeEntries":[["locale","app-marketplace-icons","es-AR","browser/chrome/browser/locale/es-AR/app-marketplace-icons/"],["locale","branding","es-AR","browser/chrome/es-AR/locale/branding/"],["locale","browser","es-AR","browser/chrome/es-AR/locale/browser/"],["locale","browser-region","es-AR","browser/chrome/es-AR/locale/browser-region/"],["locale","devtools","es-AR","browser/chrome/es-AR/locale/es-AR/devtools/client/"],["locale","devtools-shared","es-AR","browser/chrome/es-AR/locale/es-AR/devtools/shared/"],["locale","formautofill","es-AR","browser/features/formautofill@mozilla.org/es-AR/locale/es-AR/"],["locale","report-site-issue","es-AR","browser/features/webcompat-reporter@mozilla.org/es-AR/locale/es-AR/"],["locale","alerts","es-AR","chrome/es-AR/locale/es-AR/alerts/"],["locale","autoconfig","es-AR","chrome/es-AR/locale/es-AR/autoconfig/"],["locale","global","es-AR","chrome/es-AR/locale/es-AR/global/"],["locale","global-platform","es-AR","chrome/es-AR/locale/es-AR/global-platform/unix/"],["locale","mozapps","es-AR","chrome/es-AR/locale/es-AR/mozapps/"],["locale","necko","es-AR","chrome/es-AR/locale/es-AR/necko/"],["locale","passwordmgr","es-AR","chrome/es-AR/locale/es-AR/passwordmgr/"],["locale","pipnss","es-AR","chrome/es-AR/locale/es-AR/pipnss/"],["locale","pippki","es-AR","chrome/es-AR/locale/es-AR/pippki/"],["locale","places","es-AR","chrome/es-AR/locale/es-AR/places/"]],"langpackId":"langpack-es-AR-browser","l10nRegistrySources":{"toolkit":"","browser":"browser/"},"languages":["es-AR"]},"hidden":false,"installTelemetryInfo":{"source":"distribution"},"recommendationState":null,"rootURI":"jar:file:///home/jean/.mozilla/firefox/645qfslg.default-release/extensions/langpack-es-AR@firefox.mozilla.org.xpi!/","location":"app-profile"},{"id":"langpack-en-GB@firefox.mozilla.org","syncGUID":"{6ece531e-f851-4f4e-ad0d-9e5c49c7495b}","version":"124.0.20240401.114208","type":"locale","loader":null,"updateURL":null,"installOrigins":null,"manifestVersion":2,"optionsURL":null,"optionsType":null,"optionsBrowserStyle":true,"aboutURL":null,"defaultLocale":{"name":"Language: English (GB)","description":"Firefox Language Pack for English (GB) (en-GB)","creator":"Mark Tyndall (contributors: David Bartlett, Constantine Murenin, Ian Neal)","developers":null,"translators":null,"contributors":null},"visible":true,"active":true,"userDisabled":false,"appDisabled":false,"embedderDisabled":false,"installDate":1712614742788,"updateDate":1712614742788,"applyBackgroundUpdates":1,"path":"/home/jean/.mozilla/firefox/645qfslg.default-release/extensions/langpack-en-GB@firefox.mozilla.org.xpi","skinnable":false,"sourceURI":null,"releaseNotesURI":null,"softDisabled":false,"foreignInstall":false,"strictCompatibility":true,"locales":[],"targetApplications":[{"id":"toolkit@mozilla.org","minVersion":"124.0","maxVersion":"124.*"}],"targetPlatforms":[],"signedState":2,"signedDate":1711980363000,"seen":true,"dependencies":[],"userPermissions":null,"optionalPermissions":null,"icons":{},"iconURL":null,"blocklistState":0,"blocklistURL":null,"startupData":{"chromeEntries":[["locale","app-marketplace-icons","en-GB","browser/chrome/browser/locale/en-GB/app-marketplace-icons/"],["locale","branding","en-GB","browser/chrome/en-GB/locale/branding/"],["locale","browser","en-GB","browser/chrome/en-GB/locale/browser/"],["locale","browser-region","en-GB","browser/chrome/en-GB/locale/browser-region/"],["locale","devtools","en-GB","browser/chrome/en-GB/locale/en-GB/devtools/client/"],["locale","devtools-shared","en-GB","browser/chrome/en-GB/locale/en-GB/devtools/shared/"],["locale","formautofill","en-GB","browser/features/formautofill@mozilla.org/en-GB/locale/en-GB/"],["locale","report-site-issue","en-GB","browser/features/webcompat-reporter@mozilla.org/en-GB/locale/en-GB/"],["locale","alerts","en-GB","chrome/en-GB/locale/en-GB/alerts/"],["locale","autoconfig","en-GB","chrome/en-GB/locale/en-GB/autoconfig/"],["locale","global","en-GB","chrome/en-GB/locale/en-GB/global/"],["locale","global-platform","en-GB","chrome/en-GB/locale/en-GB/global-platform/unix/"],["locale","mozapps","en-GB","chrome/en-GB/locale/en-GB/mozapps/"],["locale","necko","en-GB","chrome/en-GB/locale/en-GB/necko/"],["locale","passwordmgr","en-GB","chrome/en-GB/locale/en-GB/passwordmgr/"],["locale","pipnss","en-GB","chrome/en-GB/locale/en-GB/pipnss/"],["locale","pippki","en-GB","chrome/en-GB/locale/en-GB/pippki/"],["locale","places","en-GB","chrome/en-GB/locale/en-GB/places/"]],"langpackId":"langpack-en-GB-browser","l10nRegistrySources":{"toolkit":"","browser":"browser/"},"languages":["en-GB"]},"hidden":false,"installTelemetryInfo":{"source":"distribution"},"recommendationState":null,"rootURI":"jar:file:///home/jean/.mozilla/firefox/645qfslg.default-release/extensions/langpack-en-GB@firefox.mozilla.org.xpi!/","location":"app-profile"},{"id":"langpack-en-CA@firefox.mozilla.org","syncGUID":"{3c426e7b-9bec-460a-9f94-bac2f7ef316f}","version":"124.0.20240401.114208","type":"locale","loader":null,"updateURL":null,"installOrigins":null,"manifestVersion":2,"optionsURL":null,"optionsType":null,"optionsBrowserStyle":true,"aboutURL":null,"defaultLocale":{"name":"Language: English (CA)","description":"Firefox Language Pack for English (CA) (en-CA)","creator":"mozilla.org","developers":null,"translators":null,"contributors":null},"visible":true,"active":true,"userDisabled":false,"appDisabled":false,"embedderDisabled":false,"installDate":1712614742821,"updateDate":1712614742821,"applyBackgroundUpdates":1,"path":"/home/jean/.mozilla/firefox/645qfslg.default-release/extensions/langpack-en-CA@firefox.mozilla.org.xpi","skinnable":false,"sourceURI":null,"releaseNotesURI":null,"softDisabled":false,"foreignInstall":false,"strictCompatibility":true,"locales":[],"targetApplications":[{"id":"toolkit@mozilla.org","minVersion":"124.0","maxVersion":"124.*"}],"targetPlatforms":[],"signedState":2,"signedDate":1711980355000,"seen":true,"dependencies":[],"userPermissions":null,"optionalPermissions":null,"icons":{},"iconURL":null,"blocklistState":0,"blocklistURL":null,"startupData":{"chromeEntries":[["locale","app-marketplace-icons","en-CA","browser/chrome/browser/locale/en-CA/app-marketplace-icons/"],["locale","branding","en-CA","browser/chrome/en-CA/locale/branding/"],["locale","browser","en-CA","browser/chrome/en-CA/locale/browser/"],["locale","browser-region","en-CA","browser/chrome/en-CA/locale/browser-region/"],["locale","devtools","en-CA","browser/chrome/en-CA/locale/en-CA/devtools/client/"],["locale","devtools-shared","en-CA","browser/chrome/en-CA/locale/en-CA/devtools/shared/"],["locale","formautofill","en-CA","browser/features/formautofill@mozilla.org/en-CA/locale/en-CA/"],["locale","report-site-issue","en-CA","browser/features/webcompat-reporter@mozilla.org/en-CA/locale/en-CA/"],["locale","alerts","en-CA","chrome/en-CA/locale/en-CA/alerts/"],["locale","autoconfig","en-CA","chrome/en-CA/locale/en-CA/autoconfig/"],["locale","global","en-CA","chrome/en-CA/locale/en-CA/global/"],["locale","global-platform","en-CA","chrome/en-CA/locale/en-CA/global-platform/unix/"],["locale","mozapps","en-CA","chrome/en-CA/locale/en-CA/mozapps/"],["locale","necko","en-CA","chrome/en-CA/locale/en-CA/necko/"],["locale","passwordmgr","en-CA","chrome/en-CA/locale/en-CA/passwordmgr/"],["locale","pipnss","en-CA","chrome/en-CA/locale/en-CA/pipnss/"],["locale","pippki","en-CA","chrome/en-CA/locale/en-CA/pippki/"],["locale","places","en-CA","chrome/en-CA/locale/en-CA/places/"]],"langpackId":"langpack-en-CA-browser","l10nRegistrySources":{"toolkit":"","browser":"browser/"},"languages":["en-CA"]},"hidden":false,"installTelemetryInfo":{"source":"distribution"},"recommendationState":null,"rootURI":"jar:file:///home/jean/.mozilla/firefox/645qfslg.default-release/extensions/langpack-en-CA@firefox.mozilla.org.xpi!/","location":"app-profile"},{"id":"langpack-es-MX@firefox.mozilla.org","syncGUID":"{1b70304b-7f37-4235-9cb6-655aeab6169f}","version":"124.0.20240401.114208","type":"locale","loader":null,"updateURL":null,"installOrigins":null,"manifestVersion":2,"optionsURL":null,"optionsType":null,"optionsBrowserStyle":true,"aboutURL":null,"defaultLocale":{"name":"Language: Español (MX) (Spanish, Mexico)","description":"Firefox Language Pack for Español (MX) (es-MX) – Spanish, Mexico","creator":"mozilla.org (contributors: Roberto Alvarado, Mauricio Navarro)","developers":null,"translators":null,"contributors":null},"visible":true,"active":true,"userDisabled":false,"appDisabled":false,"embedderDisabled":false,"installDate":1712614742855,"updateDate":1712614742855,"applyBackgroundUpdates":1,"path":"/home/jean/.mozilla/firefox/645qfslg.default-release/extensions/langpack-es-MX@firefox.mozilla.org.xpi","skinnable":false,"sourceURI":null,"releaseNotesURI":null,"softDisabled":false,"foreignInstall":false,"strictCompatibility":true,"locales":[],"targetApplications":[{"id":"toolkit@mozilla.org","minVersion":"124.0","maxVersion":"124.*"}],"targetPlatforms":[],"signedState":2,"signedDate":1711980351000,"seen":true,"dependencies":[],"userPermissions":null,"optionalPermissions":null,"icons":{},"iconURL":null,"blocklistState":0,"blocklistURL":null,"startupData":{"chromeEntries":[["locale","app-marketplace-icons","es-MX","browser/chrome/browser/locale/es-MX/app-marketplace-icons/"],["locale","branding","es-MX","browser/chrome/es-MX/locale/branding/"],["locale","browser","es-MX","browser/chrome/es-MX/locale/browser/"],["locale","browser-region","es-MX","browser/chrome/es-MX/locale/browser-region/"],["locale","devtools","es-MX","browser/chrome/es-MX/locale/es-MX/devtools/client/"],["locale","devtools-shared","es-MX","browser/chrome/es-MX/locale/es-MX/devtools/shared/"],["locale","formautofill","es-MX","browser/features/formautofill@mozilla.org/es-MX/locale/es-MX/"],["locale","report-site-issue","es-MX","browser/features/webcompat-reporter@mozilla.org/es-MX/locale/es-MX/"],["locale","alerts","es-MX","chrome/es-MX/locale/es-MX/alerts/"],["locale","autoconfig","es-MX","chrome/es-MX/locale/es-MX/autoconfig/"],["locale","global","es-MX","chrome/es-MX/locale/es-MX/global/"],["locale","global-platform","es-MX","chrome/es-MX/locale/es-MX/global-platform/unix/"],["locale","mozapps","es-MX","chrome/es-MX/locale/es-MX/mozapps/"],["locale","necko","es-MX","chrome/es-MX/locale/es-MX/necko/"],["locale","passwordmgr","es-MX","chrome/es-MX/locale/es-MX/passwordmgr/"],["locale","pipnss","es-MX","chrome/es-MX/locale/es-MX/pipnss/"],["locale","pippki","es-MX","chrome/es-MX/locale/es-MX/pippki/"],["locale","places","es-MX","chrome/es-MX/locale/es-MX/places/"]],"langpackId":"langpack-es-MX-browser","l10nRegistrySources":{"toolkit":"","browser":"browser/"},"languages":["es-MX"]},"hidden":false,"installTelemetryInfo":{"source":"distribution"},"recommendationState":null,"rootURI":"jar:file:///home/jean/.mozilla/firefox/645qfslg.default-release/extensions/langpack-es-MX@firefox.mozilla.org.xpi!/","location":"app-profile"},{"id":"langpack-es-ES@firefox.mozilla.org","syncGUID":"{f881a07f-dd0a-4dc6-be15-af10b5f5a09c}","version":"124.0.20240401.114208","type":"locale","loader":null,"updateURL":null,"installOrigins":null,"manifestVersion":2,"optionsURL":null,"optionsType":null,"optionsBrowserStyle":true,"aboutURL":null,"defaultLocale":{"name":"Language: Español (ES) (Spanish, Spain)","description":"Firefox Language Pack for Español (ES) (es-ES) – Spanish, Spain","creator":"mozilla.org (contributors: Proyecto NAVE (http://www.proyectonave.es/))","developers":null,"translators":null,"contributors":null},"visible":true,"active":true,"userDisabled":false,"appDisabled":false,"embedderDisabled":false,"installDate":1712614742890,"updateDate":1712614742890,"applyBackgroundUpdates":1,"path":"/home/jean/.mozilla/firefox/645qfslg.default-release/extensions/langpack-es-ES@firefox.mozilla.org.xpi","skinnable":false,"sourceURI":null,"releaseNotesURI":null,"softDisabled":false,"foreignInstall":false,"strictCompatibility":true,"locales":[],"targetApplications":[{"id":"toolkit@mozilla.org","minVersion":"124.0","maxVersion":"124.*"}],"targetPlatforms":[],"signedState":2,"signedDate":1711980348000,"seen":true,"dependencies":[],"userPermissions":null,"optionalPermissions":null,"icons":{},"iconURL":null,"blocklistState":0,"blocklistURL":null,"startupData":{"chromeEntries":[["locale","app-marketplace-icons","es-ES","browser/chrome/browser/locale/es-ES/app-marketplace-icons/"],["locale","branding","es-ES","browser/chrome/es-ES/locale/branding/"],["locale","browser","es-ES","browser/chrome/es-ES/locale/browser/"],["locale","browser-region","es-ES","browser/chrome/es-ES/locale/browser-region/"],["locale","devtools","es-ES","browser/chrome/es-ES/locale/es-ES/devtools/client/"],["locale","devtools-shared","es-ES","browser/chrome/es-ES/locale/es-ES/devtools/shared/"],["locale","formautofill","es-ES","browser/features/formautofill@mozilla.org/es-ES/locale/es-ES/"],["locale","report-site-issue","es-ES","browser/features/webcompat-reporter@mozilla.org/es-ES/locale/es-ES/"],["locale","alerts","es-ES","chrome/es-ES/locale/es-ES/alerts/"],["locale","autoconfig","es-ES","chrome/es-ES/locale/es-ES/autoconfig/"],["locale","global","es-ES","chrome/es-ES/locale/es-ES/global/"],["locale","global-platform","es-ES","chrome/es-ES/locale/es-ES/global-platform/unix/"],["locale","mozapps","es-ES","chrome/es-ES/locale/es-ES/mozapps/"],["locale","necko","es-ES","chrome/es-ES/locale/es-ES/necko/"],["locale","passwordmgr","es-ES","chrome/es-ES/locale/es-ES/passwordmgr/"],["locale","pipnss","es-ES","chrome/es-ES/locale/es-ES/pipnss/"],["locale","pippki","es-ES","chrome/es-ES/locale/es-ES/pippki/"],["locale","places","es-ES","chrome/es-ES/locale/es-ES/places/"]],"langpackId":"langpack-es-ES-browser","l10nRegistrySources":{"toolkit":"","browser":"browser/"},"languages":["es-ES"]},"hidden":false,"installTelemetryInfo":{"source":"distribution"},"recommendationState":null,"rootURI":"jar:file:///home/jean/.mozilla/firefox/645qfslg.default-release/extensions/langpack-es-ES@firefox.mozilla.org.xpi!/","location":"app-profile"},{"id":"langpack-ar@firefox.mozilla.org","syncGUID":"{d7621c70-9ef0-4c2a-a774-ff4b58dd9c6c}","version":"124.0.20240401.114208","type":"locale","loader":null,"updateURL":null,"installOrigins":null,"manifestVersion":2,"optionsURL":null,"optionsType":null,"optionsBrowserStyle":true,"aboutURL":null,"defaultLocale":{"name":"Language: العربية (Arabic)","description":"Firefox Language Pack for العربية (ar) – Arabic","creator":"mozilla.org (contributors: أيمن حورية, جهاد عفيفي, خالد حسني, سبأ برتو, عبد الرحمن حسني, علاء كساب, أنس الحسيني)","developers":null,"translators":null,"contributors":null},"visible":true,"active":true,"userDisabled":false,"appDisabled":false,"embedderDisabled":false,"installDate":1712614742925,"updateDate":1712614742925,"applyBackgroundUpdates":1,"path":"/home/jean/.mozilla/firefox/645qfslg.default-release/extensions/langpack-ar@firefox.mozilla.org.xpi","skinnable":false,"sourceURI":null,"releaseNotesURI":null,"softDisabled":false,"foreignInstall":false,"strictCompatibility":true,"locales":[],"targetApplications":[{"id":"toolkit@mozilla.org","minVersion":"124.0","maxVersion":"124.*"}],"targetPlatforms":[],"signedState":2,"signedDate":1711980364000,"seen":true,"dependencies":[],"userPermissions":null,"optionalPermissions":null,"icons":{},"iconURL":null,"blocklistState":0,"blocklistURL":null,"startupData":{"chromeEntries":[["locale","branding","ar","browser/chrome/ar/locale/branding/"],["locale","browser","ar","browser/chrome/ar/locale/browser/"],["locale","browser-region","ar","browser/chrome/ar/locale/browser-region/"],["locale","devtools","ar","browser/chrome/ar/locale/ar/devtools/client/"],["locale","devtools-shared","ar","browser/chrome/ar/locale/ar/devtools/shared/"],["locale","app-marketplace-icons","ar","browser/chrome/browser/locale/ar/app-marketplace-icons/"],["locale","formautofill","ar","browser/features/formautofill@mozilla.org/ar/locale/ar/"],["locale","report-site-issue","ar","browser/features/webcompat-reporter@mozilla.org/ar/locale/ar/"],["locale","alerts","ar","chrome/ar/locale/ar/alerts/"],["locale","autoconfig","ar","chrome/ar/locale/ar/autoconfig/"],["locale","global","ar","chrome/ar/locale/ar/global/"],["locale","global-platform","ar","chrome/ar/locale/ar/global-platform/unix/"],["locale","mozapps","ar","chrome/ar/locale/ar/mozapps/"],["locale","necko","ar","chrome/ar/locale/ar/necko/"],["locale","passwordmgr","ar","chrome/ar/locale/ar/passwordmgr/"],["locale","pipnss","ar","chrome/ar/locale/ar/pipnss/"],["locale","pippki","ar","chrome/ar/locale/ar/pippki/"],["locale","places","ar","chrome/ar/locale/ar/places/"]],"langpackId":"langpack-ar-browser","l10nRegistrySources":{"toolkit":"","browser":"browser/"},"languages":["ar"]},"hidden":false,"installTelemetryInfo":{"source":"distribution"},"recommendationState":null,"rootURI":"jar:file:///home/jean/.mozilla/firefox/645qfslg.default-release/extensions/langpack-ar@firefox.mozilla.org.xpi!/","location":"app-profile"},{"id":"langpack-pt-PT@firefox.mozilla.org","syncGUID":"{25447645-defe-40d2-b71c-07ff387d4e76}","version":"124.0.20240401.114208","type":"locale","loader":null,"updateURL":null,"installOrigins":null,"manifestVersion":2,"optionsURL":null,"optionsType":null,"optionsBrowserStyle":true,"aboutURL":null,"defaultLocale":{"name":"Language: Português (PT) (Portuguese)","description":"Firefox Language Pack for Português (PT) (pt-PT) – Portuguese","creator":"mozilla.org (contributors: Alberto Castro, Artur Araújo, Bruno Duarte, Carlos Rodrigues, Cláudio Esperança, Diogo Santos, Francisco Castanheiro, Gonçalo Matos, João Miguel Neves, Manuela Silva, Marco Sousa, Pedro Antunes, Pedro Figueira, Rita Farinha, Rodrigo Cunha, Sérgio Marques)","developers":null,"translators":null,"contributors":null},"visible":true,"active":true,"userDisabled":false,"appDisabled":false,"embedderDisabled":false,"installDate":1712614742961,"updateDate":1712614742961,"applyBackgroundUpdates":1,"path":"/home/jean/.mozilla/firefox/645qfslg.default-release/extensions/langpack-pt-PT@firefox.mozilla.org.xpi","skinnable":false,"sourceURI":null,"releaseNotesURI":null,"softDisabled":false,"foreignInstall":false,"strictCompatibility":true,"locales":[],"targetApplications":[{"id":"toolkit@mozilla.org","minVersion":"124.0","maxVersion":"124.*"}],"targetPlatforms":[],"signedState":2,"signedDate":1711980360000,"seen":true,"dependencies":[],"userPermissions":null,"optionalPermissions":null,"icons":{},"iconURL":null,"blocklistState":0,"blocklistURL":null,"startupData":{"chromeEntries":[["locale","app-marketplace-icons","pt-PT","browser/chrome/browser/locale/pt-PT/app-marketplace-icons/"],["locale","branding","pt-PT","browser/chrome/pt-PT/locale/branding/"],["locale","browser","pt-PT","browser/chrome/pt-PT/locale/browser/"],["locale","browser-region","pt-PT","browser/chrome/pt-PT/locale/browser-region/"],["locale","devtools","pt-PT","browser/chrome/pt-PT/locale/pt-PT/devtools/client/"],["locale","devtools-shared","pt-PT","browser/chrome/pt-PT/locale/pt-PT/devtools/shared/"],["locale","formautofill","pt-PT","browser/features/formautofill@mozilla.org/pt-PT/locale/pt-PT/"],["locale","report-site-issue","pt-PT","browser/features/webcompat-reporter@mozilla.org/pt-PT/locale/pt-PT/"],["locale","alerts","pt-PT","chrome/pt-PT/locale/pt-PT/alerts/"],["locale","autoconfig","pt-PT","chrome/pt-PT/locale/pt-PT/autoconfig/"],["locale","global","pt-PT","chrome/pt-PT/locale/pt-PT/global/"],["locale","global-platform","pt-PT","chrome/pt-PT/locale/pt-PT/global-platform/unix/"],["locale","mozapps","pt-PT","chrome/pt-PT/locale/pt-PT/mozapps/"],["locale","necko","pt-PT","chrome/pt-PT/locale/pt-PT/necko/"],["locale","passwordmgr","pt-PT","chrome/pt-PT/locale/pt-PT/passwordmgr/"],["locale","pipnss","pt-PT","chrome/pt-PT/locale/pt-PT/pipnss/"],["locale","pippki","pt-PT","chrome/pt-PT/locale/pt-PT/pippki/"],["locale","places","pt-PT","chrome/pt-PT/locale/pt-PT/places/"]],"langpackId":"langpack-pt-PT-browser","l10nRegistrySources":{"toolkit":"","browser":"browser/"},"languages":["pt-PT"]},"hidden":false,"installTelemetryInfo":{"source":"distribution"},"recommendationState":null,"rootURI":"jar:file:///home/jean/.mozilla/firefox/645qfslg.default-release/extensions/langpack-pt-PT@firefox.mozilla.org.xpi!/","location":"app-profile"},{"id":"formautofill@mozilla.org","syncGUID":"{845370ea-4bd5-4578-9533-649281e9f308}","version":"1.0.1","type":"extension","loader":null,"updateURL":null,"installOrigins":null,"manifestVersion":2,"optionsURL":null,"optionsType":null,"optionsBrowserStyle":true,"aboutURL":null,"defaultLocale":{"name":"Form Autofill","creator":null,"developers":null,"translators":null,"contributors":null},"visible":true,"active":true,"userDisabled":false,"appDisabled":false,"embedderDisabled":false,"installDate":1711979680000,"updateDate":1711979680000,"applyBackgroundUpdates":1,"path":"/opt/firefox/browser/features/formautofill@mozilla.org.xpi","skinnable":false,"sourceURI":null,"releaseNotesURI":null,"softDisabled":false,"foreignInstall":false,"strictCompatibility":true,"locales":[],"targetApplications":[{"id":"toolkit@mozilla.org","minVersion":null,"maxVersion":null}],"targetPlatforms":[],"signedDate":null,"seen":true,"dependencies":[],"incognito":"spanning","userPermissions":{"permissions":[],"origins":[]},"optionalPermissions":{"permissions":[],"origins":[]},"icons":{},"iconURL":null,"blocklistState":0,"blocklistURL":null,"startupData":null,"hidden":true,"installTelemetryInfo":null,"recommendationState":null,"rootURI":"jar:file:///opt/firefox/browser/features/formautofill@mozilla.org.xpi!/","location":"app-system-defaults"},{"id":"pictureinpicture@mozilla.org","syncGUID":"{020cdd02-794f-4a26-8a37-ae9bf0bbe461}","version":"1.0.0","type":"extension","loader":null,"updateURL":null,"installOrigins":null,"manifestVersion":2,"optionsURL":null,"optionsType":null,"optionsBrowserStyle":true,"aboutURL":null,"defaultLocale":{"name":"Picture-In-Picture","description":"Fixes for web compatibility with Picture-in-Picture","creator":null,"developers":null,"translators":null,"contributors":null},"visible":true,"active":true,"userDisabled":false,"appDisabled":false,"embedderDisabled":false,"installDate":1711979680000,"updateDate":1711979680000,"applyBackgroundUpdates":1,"path":"/opt/firefox/browser/features/pictureinpicture@mozilla.org.xpi","skinnable":false,"sourceURI":null,"releaseNotesURI":null,"softDisabled":false,"foreignInstall":false,"strictCompatibility":true,"locales":[],"targetApplications":[{"id":"toolkit@mozilla.org","minVersion":"88.0a1","maxVersion":null}],"targetPlatforms":[],"signedDate":null,"seen":true,"dependencies":[],"incognito":"spanning","userPermissions":{"permissions":[],"origins":[]},"optionalPermissions":{"permissions":[],"origins":[]},"icons":{},"iconURL":null,"blocklistState":0,"blocklistURL":null,"startupData":null,"hidden":true,"installTelemetryInfo":null,"recommendationState":null,"rootURI":"jar:file:///opt/firefox/browser/features/pictureinpicture@mozilla.org.xpi!/","location":"app-system-defaults"},{"id":"screenshots@mozilla.org","syncGUID":"{4c428f09-fec3-472d-a899-36fce23ec5ac}","version":"39.0.1","type":"extension","loader":null,"updateURL":null,"installOrigins":null,"manifestVersion":2,"optionsURL":null,"optionsType":null,"optionsBrowserStyle":true,"aboutURL":null,"defaultLocale":{"name":"Firefox Screenshots","description":"Take clips and screenshots from the Web and save them temporarily or permanently.","creator":"Mozilla <screenshots-feedback@mozilla.com>","homepageURL":"https://github.com/mozilla-services/screenshots","developers":null,"translators":null,"contributors":null},"visible":true,"active":true,"userDisabled":false,"appDisabled":false,"embedderDisabled":false,"installDate":1711979680000,"updateDate":1711979680000,"applyBackgroundUpdates":1,"path":"/opt/firefox/browser/features/screenshots@mozilla.org.xpi","skinnable":false,"sourceURI":null,"releaseNotesURI":null,"softDisabled":false,"foreignInstall":false,"strictCompatibility":true,"locales":[],"targetApplications":[{"id":"toolkit@mozilla.org","minVersion":"57.0a1","maxVersion":null}],"targetPlatforms":[],"signedDate":null,"seen":true,"dependencies":[],"incognito":"spanning","userPermissions":{"permissions":["activeTab","downloads","tabs","storage","notifications","clipboardWrite","contextMenus","mozillaAddons","telemetry"],"origins":["<all_urls>","https://screenshots.firefox.com/","resource://pdf.js/","about:reader*","https://screenshots.firefox.com/*"]},"optionalPermissions":{"permissions":[],"origins":[]},"icons":{},"iconURL":null,"blocklistState":0,"blocklistURL":null,"startupData":null,"hidden":true,"installTelemetryInfo":null,"recommendationState":null,"rootURI":"jar:file:///opt/firefox/browser/features/screenshots@mozilla.org.xpi!/","location":"app-system-defaults"},{"id":"webcompat-reporter@mozilla.org","syncGUID":"{4b19eaf8-a97b-4393-b531-fd2928a2aed1}","version":"2.0.0","type":"extension","loader":null,"updateURL":null,"installOrigins":null,"manifestVersion":2,"optionsURL":null,"optionsType":null,"optionsBrowserStyle":true,"aboutURL":null,"defaultLocale":{"name":"WebCompat Reporter","description":"Report site compatibility issues on webcompat.com","creator":"Thomas Wisniewski <twisniewski@mozilla.com>","homepageURL":"https://github.com/mozilla/webcompat-reporter","developers":null,"translators":null,"contributors":null},"visible":true,"active":false,"userDisabled":true,"appDisabled":false,"embedderDisabled":false,"installDate":1711979680000,"updateDate":1711979680000,"applyBackgroundUpdates":1,"path":"/opt/firefox/browser/features/webcompat-reporter@mozilla.org.xpi","skinnable":false,"sourceURI":null,"releaseNotesURI":null,"softDisabled":false,"foreignInstall":false,"strictCompatibility":true,"locales":[],"targetApplications":[{"id":"toolkit@mozilla.org","minVersion":null,"maxVersion":null}],"targetPlatforms":[],"signedDate":null,"seen":true,"dependencies":[],"incognito":"spanning","userPermissions":{"permissions":["tabs"],"origins":["<all_urls>"]},"optionalPermissions":{"permissions":[],"origins":[]},"icons":{"16":"icons/lightbulb.svg","32":"icons/lightbulb.svg","48":"icons/lightbulb.svg","96":"icons/lightbulb.svg","128":"icons/lightbulb.svg"},"iconURL":null,"blocklistState":0,"blocklistURL":null,"startupData":null,"hidden":true,"installTelemetryInfo":null,"recommendationState":null,"rootURI":"jar:file:///opt/firefox/browser/features/webcompat-reporter@mozilla.org.xpi!/","location":"app-system-defaults"},{"id":"webcompat@mozilla.org","syncGUID":"{2c243194-4e41-4d4a-acb5-21f2d25244d9}","version":"123.1.0","type":"extension","loader":null,"updateURL":null,"installOrigins":null,"manifestVersion":2,"optionsURL":null,"optionsType":null,"optionsBrowserStyle":true,"aboutURL":null,"defaultLocale":{"name":"Web Compatibility Interventions","description":"Urgent post-release fixes for web compatibility.","creator":null,"developers":null,"translators":null,"contributors":null},"visible":true,"active":true,"userDisabled":false,"appDisabled":false,"embedderDisabled":false,"installDate":1711979680000,"updateDate":1711979680000,"applyBackgroundUpdates":1,"path":"/opt/firefox/browser/features/webcompat@mozilla.org.xpi","skinnable":false,"sourceURI":null,"releaseNotesURI":null,"softDisabled":false,"foreignInstall":false,"strictCompatibility":true,"locales":[],"targetApplications":[{"id":"toolkit@mozilla.org","minVersion":"102.0","maxVersion":null}],"targetPlatforms":[],"signedDate":null,"seen":true,"dependencies":[],"incognito":"spanning","userPermissions":{"permissions":["mozillaAddons","scripting","tabs","webNavigation","webRequest","webRequestBlocking"],"origins":["<all_urls>"]},"optionalPermissions":{"permissions":[],"origins":[]},"icons":{},"iconURL":null,"blocklistState":0,"blocklistURL":null,"startupData":null,"hidden":true,"installTelemetryInfo":null,"recommendationState":null,"rootURI":"jar:file:///opt/firefox/browser/features/webcompat@mozilla.org.xpi!/","location":"app-system-defaults"},{"id":"default-theme@mozilla.org","syncGUID":"{eca66b10-8f77-4841-81f8-22b6a48f09f6}","version":"1.3","type":"theme","loader":null,"updateURL":null,"installOrigins":null,"manifestVersion":2,"optionsURL":null,"optionsType":null,"optionsBrowserStyle":true,"aboutURL":null,"defaultLocale":{"name":"System theme — auto","description":"Follow the operating system setting for buttons, menus, and windows.","creator":"Mozilla","developers":null,"translators":null,"contributors":null},"visible":true,"active":true,"userDisabled":false,"appDisabled":false,"embedderDisabled":false,"installDate":1712614743550,"applyBackgroundUpdates":1,"path":null,"skinnable":false,"sourceURI":null,"releaseNotesURI":null,"softDisabled":false,"foreignInstall":false,"strictCompatibility":true,"locales":[],"targetApplications":[{"id":"toolkit@mozilla.org","minVersion":null,"maxVersion":null}],"targetPlatforms":[],"signedDate":null,"seen":true,"dependencies":[],"userPermissions":null,"optionalPermissions":null,"icons":{"32":"icon.svg"},"iconURL":null,"blocklistState":0,"blocklistURL":null,"startupData":null,"hidden":false,"installTelemetryInfo":null,"recommendationState":null,"rootURI":"resource://default-theme/","location":"app-builtin"},{"id":"addons-search-detection@mozilla.com","syncGUID":"{ffddcc1f-15da-4663-a78e-301e77c3a8a5}","version":"2.0.0","type":"extension","loader":null,"updateURL":null,"installOrigins":null,"manifestVersion":2,"optionsURL":null,"optionsType":null,"optionsBrowserStyle":true,"aboutURL":null,"defaultLocale":{"name":"Add-ons Search Detection","description":"","creator":null,"developers":null,"translators":null,"contributors":null},"visible":true,"active":true,"userDisabled":false,"appDisabled":false,"embedderDisabled":false,"installDate":1712614744485,"applyBackgroundUpdates":1,"path":null,"skinnable":false,"sourceURI":null,"releaseNotesURI":null,"softDisabled":false,"foreignInstall":false,"strictCompatibility":true,"locales":[],"targetApplications":[{"id":"toolkit@mozilla.org","minVersion":null,"maxVersion":null}],"targetPlatforms":[],"signedDate":null,"seen":true,"dependencies":[],"incognito":"spanning","userPermissions":{"permissions":["telemetry","webRequest","webRequestBlocking"],"origins":["<all_urls>"]},"optionalPermissions":{"permissions":[],"origins":[]},"icons":{},"iconURL":null,"blocklistState":0,"blocklistURL":null,"startupData":null,"hidden":true,"installTelemetryInfo":null,"recommendationState":null,"rootURI":"resource://builtin-addons/search-detection/","location":"app-builtin"},{"id":"google@search.mozilla.org","syncGUID":"{3d54043d-1cf8-40eb-afc2-a1020002eeb7}","version":"1.4","type":"extension","loader":null,"updateURL":null,"installOrigins":null,"manifestVersion":2,"optionsURL":null,"optionsType":null,"optionsBrowserStyle":true,"aboutURL":null,"defaultLocale":{"name":"Google","description":"Google Search","creator":null,"developers":null,"translators":null,"contributors":null},"visible":true,"active":true,"userDisabled":false,"appDisabled":false,"embedderDisabled":false,"installDate":1712614744689,"applyBackgroundUpdates":1,"path":null,"skinnable":false,"sourceURI":null,"releaseNotesURI":null,"softDisabled":false,"foreignInstall":false,"strictCompatibility":true,"locales":[{"name":"Google","description":"Google Search","creator":null,"developers":null,"translators":null,"contributors":null,"locales":["en"]},{"name":"Google","description":"Google Search","creator":null,"developers":null,"translators":null,"contributors":null,"locales":["region-ru"]},{"name":"Google","description":"Google Search","creator":null,"developers":null,"translators":null,"contributors":null,"locales":["region-by"]},{"name":"Google","description":"Google Search","creator":null,"developers":null,"translators":null,"contributors":null,"locales":["region-tr"]},{"name":"Google","description":"Google Search","creator":null,"developers":null,"translators":null,"contributors":null,"locales":["region-kz"]}],"targetApplications":[{"id":"toolkit@mozilla.org","minVersion":null,"maxVersion":null}],"targetPlatforms":[],"signedDate":null,"seen":true,"dependencies":[],"incognito":"spanning","userPermissions":{"permissions":[],"origins":[]},"optionalPermissions":{"permissions":[],"origins":[]},"icons":{"16":"favicon.ico"},"iconURL":null,"blocklistState":0,"blocklistURL":null,"startupData":null,"hidden":true,"installTelemetryInfo":null,"recommendationState":null,"rootURI":"resource://search-extensions/google/","location":"app-builtin"},{"id":"wikipedia@search.mozilla.org","syncGUID":"{fc18d4ba-66b1-4430-b5ae-3a7b69088c94}","version":"1.3","type":"extension","loader":null,"updateURL":null,"installOrigins":null,"manifestVersion":2,"optionsURL":null,"optionsType":null,"optionsBrowserStyle":true,"aboutURL":null,"defaultLocale":{"name":"Wikipedia (en)","description":"Wikipedia, the Free Encyclopedia","creator":null,"developers":null,"translators":null,"contributors":null},"visible":true,"active":true,"userDisabled":false,"appDisabled":false,"embedderDisabled":false,"installDate":1712614744734,"applyBackgroundUpdates":1,"path":null,"skinnable":false,"sourceURI":null,"releaseNotesURI":null,"softDisabled":false,"foreignInstall":false,"strictCompatibility":true,"locales":[{"name":"Wikipedia (en)","description":"Wikipedia, the Free Encyclopedia","creator":null,"developers":null,"translators":null,"contributors":null,"locales":["en"]},{"name":"Wikipedija (hr)","description":"Wikipedija, slobodna enciklopedija","creator":null,"developers":null,"translators":null,"contributors":null,"locales":["hr"]},{"name":"Wikipedia (fi)","description":"Wikipedia (fi), vapaa tietosanakirja","creator":null,"developers":null,"translators":null,"contributors":null,"locales":["fi"]},{"name":"Wikipedia (hy)","description":"Վիքիփեդիա՝ ազատ հանրագիտարան","creator":null,"developers":null,"translators":null,"contributors":null,"locales":["hy"]},{"name":"Уикипедия (kk)","description":"Уикипедия (kk)","creator":null,"developers":null,"translators":null,"contributors":null,"locales":["kk"]},{"name":"Вікіпедыя (be)","description":"Вікіпедыя, свабодная энцыклапедыя","creator":null,"developers":null,"translators":null,"contributors":null,"locales":["be"]},{"name":"위키백과 (ko)","description":"Wikipedia, the free encyclopedia","creator":null,"developers":null,"translators":null,"contributors":null,"locales":["kr"]},{"name":"Wikipedia (ro)","description":"Wikipedia, enciclopedia liberă","creator":null,"developers":null,"translators":null,"contributors":null,"locales":["ro"]},{"name":"Wikipedia (bs)","description":"Slobodna enciklopedija","creator":null,"developers":null,"translators":null,"contributors":null,"locales":["bs"]},{"name":"Wikipedia (pt)","description":"Wikipédia, a enciclopédia livre","creator":null,"developers":null,"translators":null,"contributors":null,"locales":["pt"]},{"name":"વિકિપીડિયા (gu)","description":"વીકીપીડિયા, મુક્ત એનસાયક્લોપીડિયા","creator":null,"developers":null,"translators":null,"contributors":null,"locales":["gu"]},{"name":"Vikipetã (gn)","description":"Vikipetã, opaite tembikuaa hekosãsóva renda","creator":null,"developers":null,"translators":null,"contributors":null,"locales":["gn"]},{"name":"Wikipedia (el)","description":"Βικιπαίδεια, η ελεύθερη εγκυκλοπαίδεια","creator":null,"developers":null,"translators":null,"contributors":null,"locales":["el"]},{"name":"Wikipedia (es)","description":"Wikipedia, la enciclopedia libre","creator":null,"developers":null,"translators":null,"contributors":null,"locales":["es"]},{"name":"ויקיפדיה","description":"ויקיפדיה","creator":null,"developers":null,"translators":null,"contributors":null,"locales":["he"]},{"name":"Wikipedia (da)","description":"Wikipedia, den frie encyklopædi","creator":null,"developers":null,"translators":null,"contributors":null,"locales":["da"]},{"name":"Wikipedia (tr)","description":"Vikipedi, özgür ansiklopedi","creator":null,"developers":null,"translators":null,"contributors":null,"locales":["tr"]},{"name":"Wikipedija (hsb)","description":"Wikipedija, swobodna encyklopedija","creator":null,"developers":null,"translators":null,"contributors":null,"locales":["hsb"]},{"name":"Wikipedy (fy)","description":"De fergese ensyklopedy","creator":null,"developers":null,"translators":null,"contributors":null,"locales":["fy-NL"]},{"name":"विकिपीडिया (ne)","description":"विकिपिडिया एक स्वतन्त्र विश्वकोष","creator":null,"developers":null,"translators":null,"contributors":null,"locales":["ne"]},{"name":"Wikipedia (nl)","description":"De vrije encyclopedie","creator":null,"developers":null,"translators":null,"contributors":null,"locales":["nl"]},{"name":"Wikipedia (ja)","description":"Wikipedia - フリー百科事典","creator":null,"developers":null,"translators":null,"contributors":null,"locales":["ja"]},{"name":"Vikipeedia (et)","description":"Vikipeedia, vaba entsüklopeedia","creator":null,"developers":null,"translators":null,"contributors":null,"locales":["et"]},{"name":"Wikipèdia (oc)","description":"Wikipèdia, l'enciclopèdia liura","creator":null,"developers":null,"translators":null,"contributors":null,"locales":["oc"]},{"name":"Wicipedia (cy)","description":"Wicipedia, Y Gwyddioniadur Rhydd","creator":null,"developers":null,"translators":null,"contributors":null,"locales":["cy"]},{"name":"వికీపీడియా (te)","description":"వికీపీడియా (te)","creator":null,"developers":null,"translators":null,"contributors":null,"locales":["te"]},{"name":"维基百科","description":"维基百科，自由的百科全书","creator":null,"developers":null,"translators":null,"contributors":null,"locales":["zh-CN"]},{"name":"Wikipedia (tl)","description":"Wikipedia, ang malayang ensiklopedya","creator":null,"developers":null,"translators":null,"contributors":null,"locales":["tl"]},{"name":"Wikipédia (fr)","description":"Wikipédia, l'encyclopédie libre","creator":null,"developers":null,"translators":null,"contributors":null,"locales":["fr"]},{"name":"Wikipedia (lij)","description":"Wikipedia, l'enciclopedia libera","creator":null,"developers":null,"translators":null,"contributors":null,"locales":["lij"]},{"name":"វីគីភីឌា (km)","description":"វីគីភីឌា សព្វ​វចនា​ធិប្បាយ​សេរី","creator":null,"developers":null,"translators":null,"contributors":null,"locales":["km"]},{"name":"Wikipedia (id)","description":"Wikipedia, ensiklopedia bebas","creator":null,"developers":null,"translators":null,"contributors":null,"locales":["id"]},{"name":"Уикипедия (bg)","description":"Уикипедия, свободната енциклоподия","creator":null,"developers":null,"translators":null,"contributors":null,"locales":["bg"]},{"name":"Wikipedia (pa)","description":"ਵਿਕਿਪੀਡਿਆ, ਮੁਫ਼ਤ/ਮੁਕਤ ਸ਼ਬਦਕੋਸ਼","creator":null,"developers":null,"translators":null,"contributors":null,"locales":["pa"]},{"name":"উইকিপিডিয়া (bn)","description":"উইকিপিডিয়া, মুক্ত বিশ্বকোষ","creator":null,"developers":null,"translators":null,"contributors":null,"locales":["bn"]},{"name":"Wikipedia (eu)","description":"Wikipedia, entziklopedia askea","creator":null,"developers":null,"translators":null,"contributors":null,"locales":["eu"]},{"name":"Wikipedie (cs)","description":"Wikipedia, svobodná encyclopedie","creator":null,"developers":null,"translators":null,"contributors":null,"locales":["cz"]},{"name":"Wikipédia (hu)","description":"Wikipedia, a szabad enciklopédia","creator":null,"developers":null,"translators":null,"contributors":null,"locales":["hu"]},{"name":"Wikipedia (kn)","description":"Wikipedia, the free encyclopedia","creator":null,"developers":null,"translators":null,"contributors":null,"locales":["kn"]},{"name":"Wikipedia (is)","description":"Wikipedia, the free encyclopedia","creator":null,"developers":null,"translators":null,"contributors":null,"locales":["is"]},{"name":"Вікіпедія (uk)","description":"Вікіпедія, вільна енциклопедія","creator":null,"developers":null,"translators":null,"contributors":null,"locales":["uk"]},{"name":"Wikipedia (kab)","description":"Wikipedia, tasanayt tilellit","creator":null,"developers":null,"translators":null,"contributors":null,"locales":["kab"]},{"name":"Wikipedia (zh)","description":"維基百科，自由的百科全書","creator":null,"developers":null,"translators":null,"contributors":null,"locales":["zh-TW"]},{"name":"Vikipedio (eo)","description":"Vikipedio, la libera enciklopedio","creator":null,"developers":null,"translators":null,"contributors":null,"locales":["eo"]},{"name":"ویکیپیڈیا (ur)","description":"ویکیپیڈیا آزاد دائرۃ المعارف","creator":null,"developers":null,"translators":null,"contributors":null,"locales":["ur"]},{"name":"Wikipedia (si)","description":"Wikipedia, the free encyclopedia","creator":null,"developers":null,"translators":null,"contributors":null,"locales":["si"]},{"name":"ويكيبيديا (ar)","description":"ويكيبيديا (ar)","creator":null,"developers":null,"translators":null,"contributors":null,"locales":["ar"]},{"name":"Wikipedia (vi)","description":"Wikipedia, bách khoa toàn thư mở","creator":null,"developers":null,"translators":null,"contributors":null,"locales":["vi"]},{"name":"ვიკიპედია (ka)","description":"ვიკიპედია, თავისუფალი ენციკლოპედია","creator":null,"developers":null,"translators":null,"contributors":null,"locales":["ka"]},{"name":"Uicipeid (gd)","description":"Wikipedia, An leabhar mòr-eòlais","creator":null,"developers":null,"translators":null,"contributors":null,"locales":["gd"]},{"name":"Wikipedia (it)","description":"Wikipedia, l'enciclopedia libera","creator":null,"developers":null,"translators":null,"contributors":null,"locales":["it"]},{"name":"Vikipediya (uz)","description":"Vikipediya, ochiq ensiklopediya","creator":null,"developers":null,"translators":null,"contributors":null,"locales":["uz"]},{"name":"Wikipedia (lt)","description":"Vikipedija, laisvoji enciklopedija","creator":null,"developers":null,"translators":null,"contributors":null,"locales":["lt"]},{"name":"Wikipedia (sq)","description":"Wikipedia, enciklopedia e lirë","creator":null,"developers":null,"translators":null,"contributors":null,"locales":["sq"]},{"name":"Vicipéid (ga)","description":"Vicipéid, an Chiclipéid Shaor","creator":null,"developers":null,"translators":null,"contributors":null,"locales":["ga-IE"]},{"name":"विकिपीडिया (hi)","description":"विकिपीडिया (हिन्दी)","creator":null,"developers":null,"translators":null,"contributors":null,"locales":["hi"]},{"name":"Vikipedeja (ltg)","description":"Vikipēdija, breivuo eņciklopedeja","creator":null,"developers":null,"translators":null,"contributors":null,"locales":["ltg"]},{"name":"Vikipediya (az)","description":"Vikipediya, açıq ensiklopediya","creator":null,"developers":null,"translators":null,"contributors":null,"locales":["az"]},{"name":"விக்கிப்பீடியா (ta)","description":"விக்கிப்பீடியா (ta)","creator":null,"developers":null,"translators":null,"contributors":null,"locales":["ta"]},{"name":"Википедија (mk)","description":"Википедија, слободната енциклопедија","creator":null,"developers":null,"translators":null,"contributors":null,"locales":["mk"]},{"name":"วิกิพีเดีย","description":"วิกิพีเดีย สารานุกรมเสรี","creator":null,"developers":null,"translators":null,"contributors":null,"locales":["th"]},{"name":"Wikipedia (de)","description":"Wikipedia, die freie Enzyklopädie","creator":null,"developers":null,"translators":null,"contributors":null,"locales":["de"]},{"name":"Wikipedija (dsb)","description":"Wikipedija, lichotna encyklopedija","creator":null,"developers":null,"translators":null,"contributors":null,"locales":["dsb"]},{"name":"विकिपीडिया (mr)","description":"विकिपीडिया, मोफत माहितीकोष","creator":null,"developers":null,"translators":null,"contributors":null,"locales":["mr"]},{"name":"Wikipedia (ast)","description":"La enciclopedia llibre","creator":null,"developers":null,"translators":null,"contributors":null,"locales":["ast"]},{"name":"Wikipedia (my)","description":"အခမဲ့လွတ်လပ်စွယ်စုံကျမ်း","creator":null,"developers":null,"translators":null,"contributors":null,"locales":["my"]},{"name":"Wikipedia (rm)","description":"Vichipedia, l'enciclopedia libra","creator":null,"developers":null,"translators":null,"contributors":null,"locales":["rm"]},{"name":"Wikipedia (nn)","description":"Wikipedia, det frie oppslagsverket","creator":null,"developers":null,"translators":null,"contributors":null,"locales":["NN"]},{"name":"Wikipedia (wo)","description":"Wikipedia, Jimbulang bu Ubbeeku bi","creator":null,"developers":null,"translators":null,"contributors":null,"locales":["wo"]},{"name":"Wikipedia (gl)","description":"Wikipedia, a enciclopedia libre","creator":null,"developers":null,"translators":null,"contributors":null,"locales":["gl"]},{"name":"Viquipèdia (ca)","description":"L'enciclopèdia lliure","creator":null,"developers":null,"translators":null,"contributors":null,"locales":["ca"]},{"name":"Wikipédia (sk)","description":"Wikipédia, slobodná a otvorená encyklopédia","creator":null,"developers":null,"translators":null,"contributors":null,"locales":["sk"]},{"name":"Википедија (sr)","description":"Претрага Википедије на српском језику","creator":null,"developers":null,"translators":null,"contributors":null,"locales":["sr"]},{"name":"Wikipedia (af)","description":"Wikipedia, die vrye ensiklopedie","creator":null,"developers":null,"translators":null,"contributors":null,"locales":["af"]},{"name":"ویکی‌پدیا (fa)","description":"ویکی‌پدیا، دانشنامهٔ آزاد","creator":null,"developers":null,"translators":null,"contributors":null,"locales":["fa"]},{"name":"Wikipedia (ms)","description":"Wikipedia, ensiklopedia bebas","creator":null,"developers":null,"translators":null,"contributors":null,"locales":["ms"]},{"name":"Wikipedia (ia)","description":"Wikipedia, le encyclopedia libere","creator":null,"developers":null,"translators":null,"contributors":null,"locales":["ia"]},{"name":"Wikipedia (no)","description":"Wikipedia, den frie encyklopedi","creator":null,"developers":null,"translators":null,"contributors":null,"locales":["NO"]},{"name":"Википедия (ru)","description":"Википедия, свободная энциклопедия","creator":null,"developers":null,"translators":null,"contributors":null,"locales":["ru"]},{"name":"Wikipedia (pl)","description":"Wikipedia, wolna encyklopedia","creator":null,"developers":null,"translators":null,"contributors":null,"locales":["pl"]},{"name":"Вікіпэдыя (be-tarask)","description":"Вікіпэдыя, вольная энцыкляпэдыя","creator":null,"developers":null,"translators":null,"contributors":null,"locales":["be-tarask"]},{"name":"Wikipedia (br)","description":"Wikipedia, an holloueziadur digor","creator":null,"developers":null,"translators":null,"contributors":null,"locales":["br"]},{"name":"Wikipedia (sv)","description":"Wikipedia, den fria encyklopedin","creator":null,"developers":null,"translators":null,"contributors":null,"locales":["sv-SE"]},{"name":"ວິກິພີເດຍ (lo)","description":"ວິກິພີເດຍ, ສາລານຸກົມເສລີ","creator":null,"developers":null,"translators":null,"contributors":null,"locales":["lo"]},{"name":"Wikipedija (sl)","description":"Wikipedija, prosta enciklopedija","creator":null,"developers":null,"translators":null,"contributors":null,"locales":["sl"]},{"name":"Vikipēdija","description":"Vikipēdija, brīvā enciklopēdija","creator":null,"developers":null,"translators":null,"contributors":null,"locales":["lv"]},{"name":"Biquipedia (an)","description":"A enciclopedia Libre","creator":null,"developers":null,"translators":null,"contributors":null,"locales":["an"]}],"targetApplications":[{"id":"toolkit@mozilla.org","minVersion":null,"maxVersion":null}],"targetPlatforms":[],"signedDate":null,"seen":true,"dependencies":[],"incognito":"spanning","userPermissions":{"permissions":[],"origins":[]},"optionalPermissions":{"permissions":[],"origins":[]},"icons":{"16":"favicon.ico"},"iconURL":null,"blocklistState":0,"blocklistURL":null,"startupData":null,"hidden":true,"installTelemetryInfo":null,"recommendationState":null,"rootURI":"resource://search-extensions/wikipedia/","location":"app-builtin"},{"id":"mercadolivre@search.mozilla.org","syncGUID":"{9c5b40d5-8f59-486b-ae63-731cef10ea6d}","version":"1.1","type":"extension","loader":null,"updateURL":null,"installOrigins":null,"manifestVersion":2,"optionsURL":null,"optionsType":null,"optionsBrowserStyle":true,"aboutURL":null,"defaultLocale":{"name":"MercadoLivre","description":"Onde comprar e vender de Tudo.","creator":null,"developers":null,"translators":null,"contributors":null},"visible":true,"active":true,"userDisabled":false,"appDisabled":false,"embedderDisabled":false,"installDate":1712614744788,"applyBackgroundUpdates":1,"path":null,"skinnable":false,"sourceURI":null,"releaseNotesURI":null,"softDisabled":false,"foreignInstall":false,"strictCompatibility":true,"locales":[],"targetApplications":[{"id":"toolkit@mozilla.org","minVersion":null,"maxVersion":null}],"targetPlatforms":[],"signedDate":null,"seen":true,"dependencies":[],"incognito":"spanning","userPermissions":{"permissions":[],"origins":[]},"optionalPermissions":{"permissions":[],"origins":[]},"icons":{"16":"favicon.ico"},"iconURL":null,"blocklistState":0,"blocklistURL":null,"startupData":null,"hidden":true,"installTelemetryInfo":null,"recommendationState":null,"rootURI":"resource://search-extensions/mercadolivre/","location":"app-builtin"},{"id":"bing@search.mozilla.org","syncGUID":"{b7e0095e-fdfe-4f92-a1b3-15fb84a8057f}","version":"1.6","type":"extension","loader":null,"updateURL":null,"installOrigins":null,"manifestVersion":2,"optionsURL":null,"optionsType":null,"optionsBrowserStyle":true,"aboutURL":null,"defaultLocale":{"name":"Bing","description":"Microsoft Bing","creator":null,"developers":null,"translators":null,"contributors":null},"visible":true,"active":true,"userDisabled":false,"appDisabled":false,"embedderDisabled":false,"installDate":1712614744807,"applyBackgroundUpdates":1,"path":null,"skinnable":false,"sourceURI":null,"releaseNotesURI":null,"softDisabled":false,"foreignInstall":false,"strictCompatibility":true,"locales":[],"targetApplications":[{"id":"toolkit@mozilla.org","minVersion":null,"maxVersion":null}],"targetPlatforms":[],"signedDate":null,"seen":true,"dependencies":[],"incognito":"spanning","userPermissions":{"permissions":[],"origins":[]},"optionalPermissions":{"permissions":[],"origins":[]},"icons":{"16":"favicon.ico"},"iconURL":null,"blocklistState":0,"blocklistURL":null,"startupData":null,"hidden":true,"installTelemetryInfo":null,"recommendationState":null,"rootURI":"resource://search-extensions/bing/","location":"app-builtin"},{"id":"ddg@search.mozilla.org","syncGUID":"{72ac08ea-3f0e-435a-8a86-b452cfa33dea}","version":"1.4","type":"extension","loader":null,"updateURL":null,"installOrigins":null,"manifestVersion":2,"optionsURL":null,"optionsType":null,"optionsBrowserStyle":true,"aboutURL":null,"defaultLocale":{"name":"DuckDuckGo","description":"Search DuckDuckGo","creator":null,"developers":null,"translators":null,"contributors":null},"visible":true,"active":true,"userDisabled":false,"appDisabled":false,"embedderDisabled":false,"installDate":1712614744826,"applyBackgroundUpdates":1,"path":null,"skinnable":false,"sourceURI":null,"releaseNotesURI":null,"softDisabled":false,"foreignInstall":false,"strictCompatibility":true,"locales":[],"targetApplications":[{"id":"toolkit@mozilla.org","minVersion":null,"maxVersion":null}],"targetPlatforms":[],"signedDate":null,"seen":true,"dependencies":[],"incognito":"spanning","userPermissions":{"permissions":[],"origins":[]},"optionalPermissions":{"permissions":[],"origins":[]},"icons":{"16":"favicon.ico"},"iconURL":null,"blocklistState":0,"blocklistURL":null,"startupData":null,"hidden":true,"installTelemetryInfo":null,"recommendationState":null,"rootURI":"resource://search-extensions/ddg/","location":"app-builtin"},{"id":"firefox-compact-light@mozilla.org","syncGUID":"{b13887fc-aeb6-46e7-b732-4adb5a7c9685}","version":"1.2","type":"theme","loader":null,"updateURL":null,"installOrigins":null,"manifestVersion":2,"optionsURL":null,"optionsType":null,"optionsBrowserStyle":true,"aboutURL":null,"defaultLocale":{"name":"Light","description":"A theme with a light color scheme.","creator":"Mozilla","developers":null,"translators":null,"contributors":null},"visible":true,"active":false,"userDisabled":true,"appDisabled":false,"embedderDisabled":false,"installDate":1712614745077,"applyBackgroundUpdates":1,"path":null,"skinnable":false,"sourceURI":null,"releaseNotesURI":null,"softDisabled":false,"foreignInstall":false,"strictCompatibility":true,"locales":[],"targetApplications":[{"id":"toolkit@mozilla.org","minVersion":null,"maxVersion":null}],"targetPlatforms":[],"signedDate":null,"seen":true,"dependencies":[],"userPermissions":null,"optionalPermissions":null,"icons":{"32":"icon.svg"},"iconURL":null,"blocklistState":0,"blocklistURL":null,"startupData":null,"hidden":false,"installTelemetryInfo":null,"recommendationState":null,"rootURI":"resource://builtin-themes/light/","location":"app-builtin"},{"id":"firefox-compact-dark@mozilla.org","syncGUID":"{d3270be2-1545-413d-899f-110dc34f248f}","version":"1.2","type":"theme","loader":null,"updateURL":null,"installOrigins":null,"manifestVersion":2,"optionsURL":null,"optionsType":null,"optionsBrowserStyle":true,"aboutURL":null,"defaultLocale":{"name":"Dark","description":"A theme with a dark color scheme.","creator":"Mozilla","developers":null,"translators":null,"contributors":null},"visible":true,"active":false,"userDisabled":true,"appDisabled":false,"embedderDisabled":false,"installDate":1712614745078,"applyBackgroundUpdates":1,"path":null,"skinnable":false,"sourceURI":null,"releaseNotesURI":null,"softDisabled":false,"foreignInstall":false,"strictCompatibility":true,"locales":[],"targetApplications":[{"id":"toolkit@mozilla.org","minVersion":null,"maxVersion":null}],"targetPlatforms":[],"signedDate":null,"seen":true,"dependencies":[],"userPermissions":null,"optionalPermissions":null,"icons":{"32":"icon.svg"},"iconURL":null,"blocklistState":0,"blocklistURL":null,"startupData":null,"hidden":false,"installTelemetryInfo":null,"recommendationState":null,"rootURI":"resource://builtin-themes/dark/","location":"app-builtin"},{"id":"firefox-alpenglow@mozilla.org","syncGUID":"{6097a29c-dbfb-4d62-8723-d0846bffdafe}","version":"1.4","type":"theme","loader":null,"updateURL":null,"installOrigins":null,"manifestVersion":2,"optionsURL":null,"optionsType":null,"optionsBrowserStyle":true,"aboutURL":null,"defaultLocale":{"name":"Firefox Alpenglow","description":"Use a colorful appearance for buttons, menus, and windows.","creator":null,"developers":null,"translators":null,"contributors":null},"visible":true,"active":false,"userDisabled":true,"appDisabled":false,"embedderDisabled":false,"installDate":1712614745078,"applyBackgroundUpdates":1,"path":null,"skinnable":false,"sourceURI":null,"releaseNotesURI":null,"softDisabled":false,"foreignInstall":false,"strictCompatibility":true,"locales":[],"targetApplications":[{"id":"toolkit@mozilla.org","minVersion":null,"maxVersion":null}],"targetPlatforms":[],"signedDate":null,"seen":true,"dependencies":[],"userPermissions":null,"optionalPermissions":null,"icons":{"32":"icon.svg"},"iconURL":null,"blocklistState":0,"blocklistURL":null,"startupData":null,"hidden":false,"installTelemetryInfo":null,"recommendationState":null,"rootURI":"resource://builtin-themes/alpenglow/","location":"app-builtin"}]}