{
	"watermark": {
		"name": "Marca d'água",
		"color": "#F0008C",
		"category": "notice",
		"items": [
			{
				"style": "top:870px;left:1248px;height:170px;width:630px;",
				"align": "align-items:flex-end;",
				"lines": [
					{
						"align": "text-align: right;",
						"text": [
							{
								"value": "FreeShow",
								"style": "font-size:50px;font-weight:bold;color:#F0008C;"
							}
						]
					}
				]
			}
		]
	},
	"visual": {
		"name": "Gravação",
		"color": "red",
		"category": "visuals",
		"items": [
			{
				"style": "top:35px;left:36.5px;height:1008.21px;width:1847.62px;border:4px solid white;"
			},
			{
				"style": "top:80px;left:80px;height:40px;width:40px;background-color:red;border-radius:50%;"
			},
			{
				"style": "top:80px;left:140px;height:40px;width:100px;",
				"lines": [
					{
						"align": "",
						"text": [
							{
								"value": "REC",
								"style": "font-size:40px;"
							}
						]
					}
				]
			}
		]
	},
	"clock": {
		"name": "Relógio",
		"color": "dodgerblue",
		"category": "visuals",
		"items": [
			{
				"style": "top:0px;left:1450px;height:170px;width:470px;",
				"type": "clock",
				"clock": {
					"type": "digital",
					"seconds": false
				}
			}
		]
	},
	"name": {
		"name": "Nome",
		"color": "#5825F5",
		"category": "visuals",
		"items": [
			{
				"style": "top:875px;left:80px;height:135px;width:750px;background-color: #b10dc9;box-shadow: 2px 2px 10px 0px rgb(0 0 0 / 0.8);"
			},
			{
				"style": "top:875px;left:80px;height:135px;width:50px;background-color: #7fdbff;"
			},
			{
				"style": "top:935px;left:130px;height:75px;width:700px;background-color: #b10dc9;padding: 0 10px;",
				"actions": {
					"showTimer": 1,
					"transition": {
						"type": "slide",
						"duration": 500,
						"easing": "cubic"
					}
				},
				"type": "text",
				"lines": [
					{
						"align": "text-align: left",
						"text": [
							{
								"value": "Name Surname",
								"style": "font-family: Arial;font-size: 70px;text-shadow: 0 0 #000000;"
							}
						]
					}
				]
			},
			{
				"style": "top:875px;left:130px;height:60px;width:700px;background-color: #0074d9;padding: 0 10px;",
				"actions": {
					"transition": {
						"type": "slide",
						"duration": 500,
						"easing": "cubic"
					}
				},
				"type": "text",
				"lines": [
					{
						"align": "text-align: left",
						"text": [
							{
								"value": "Title",
								"style": "font-family: Arial;font-size: 40px;font-weight: bold;text-transform:uppercase;text-shadow: 0 0 #000000;"
							}
						]
					}
				]
			}
		]
	},
	"rounded": {
		"name": "Arredondado",
		"color": null,
		"category": "visuals",
		"locked": true,
		"items": [
			{
				"style": "top:0px;left:0px;height:50px;width:50px;background:radial-gradient(circle at 100% 100%, transparent 50px, black 0px);"
			},
			{
				"style": "top:0px;right:0px;height:50px;width:50px;background:radial-gradient(circle at 0 100%, transparent 50px, black 0px);"
			},
			{
				"style": "bottom:0px;right:0px;height:50px;width:50px;background:radial-gradient(circle at 0 0, transparent 50px, black 0px);"
			},
			{
				"style": "bottom:0px;left:0px;height:50px;width:50px;background:radial-gradient(circle at 100% 0, transparent 50px, black 0px);"
			}
		]
	}
}